Person_Name,Person_ID,Actual_Status,Predicted_Status,Prediction_Correct,Confidence_Healthy_%,Confidence_Parkinsons_%,MDVP:Fo(Hz),MDVP:Fhi(Hz),MDVP:Flo(Hz),MDVP:Jitter(%),MDVP:Jitter(Abs),MDVP:RAP,MDVP:PPQ,Jitter:DDP,MDVP:Shimmer,MDVP:Shimmer(dB),Shimmer:APQ3,Shimmer:APQ5,MDVP:APQ,Shimmer:DDA,NHR,HNR
AH_545713223-E6D59EE5-4C3F-4B40-AE8F-0657EF94DB66.wav,AH,Parkinsons,Parkinsons,✓ CORRECT,43.63861912831168,56.361380871688326,202.41809463792853,212.06492530435943,194.59324953000305,0.0032721487915756,1.6164017613148668e-05,0.0016044824361817,0.0017023812821281,0.0048134473085452,0.0414536568569734,0.370998436835476,0.0188391205243285,0.0227713681334804,0.0345160733172408,0.0565173615729855,0.0808488410904299,21.84652402019516
AH_545789671-794D2256-DDFF-4009-8BA8-8A306C8FA14F.wav,AH,Parkinsons,Parkinsons,✓ CORRECT,7.326989554679166,92.67301044532083,225.71002302764612,241.0227183048167,214.54510273890403,0.0030981726128537,1.3726751655120645e-05,0.0015507238777581,0.0016388178471364,0.0046521716332745,0.0460693156165324,0.4095550612990975,0.0238751368364814,0.0289702455280557,0.0336664503983805,0.0716254105094444,0.0743635597343777,22.572796580263574
